Time-(UTC),Latitude-(degN),Longitude-(degE),Secchi-depth-(m),FU-(disk-1/2-Secchi-depth)
2022-10-18 20:14:38.114,34.14027945674418,-77.86291934550886,1.15,17
2022-11-02 17:58:23.412,34.13921987772534,-77.86554979277594,1.15,13
2023-05-05 12:50:00.208,34.14006827179811,-77.86220726588068,1.41,13
2023-06-01 19:14:03.753,34.14197778963133,-77.86719587735696,0.61,13
2023-06-05 16:07:28.948,34.139923538420675,-77.86424754237748,1.25,11
2023-06-05 18:59:52.476,34.139923538420675,-77.86424754237748,0.53,15
2023-06-06 13:17:47.712,34.139923538420675,-77.86424754237748,0.58,14
2023-06-06 16:39:57.183,34.139923538420675,-77.86424754237748,0.61,15
2023-06-07 13:16:48.796,34.13907087792279,-77.86562684626998,0.54,14
2023-06-07 16:05:32.472,34.13907087792279,-77.86562684626998,1.19,11
2023-06-07 19:14:06.335,34.13907087792279,-77.86562684626998,0.46,14
2023-06-08 13:30:54.202,34.13907087792279,-77.86562684626998,0.5,14
2023-06-08 16:17:37.762,34.13907087792279,-77.86562684626998,0.71,12
2023-06-08 19:12:35.827,34.13907087792279,-77.86562684626998,0.4,13
2023-06-12 16:12:45.930,34.13983318267104,-77.86415119405792,0.35,15
2023-06-12 19:12:57.467,34.13983318267104,-77.86415119405792,0.64,12
2023-06-15 13:10:29.870,34.139431166940035,-77.86472684816775,0.49,15
2023-06-15 16:14:55.177,34.139431166940035,-77.86472684816775,0.23,15
2023-06-15 19:07:56.263,34.139431166940035,-77.86472684816775,0.33,17
2023-06-19 13:21:28.945,34.13912139434392,-77.86585084064316,0.73,11
2023-06-19 15:56:49.135,34.13912139434392,-77.86585084064316,0.42,15
2023-06-20 13:10:15.626,34.14043019849456,-77.8634460679391,0.88,14
2023-06-20 16:29:02.257,34.14043019849456,-77.8634460679391,0.69,15
2023-06-20 19:13:04.339,34.14043019849456,-77.8634460679391,0.41,14
2023-06-21 13:21:30.625,34.1398695923456,-77.8625523502436,0.66,14
2023-06-21 15:43:12.518,34.1398695923456,-77.8625523502436,0.64,13
2023-06-21 19:28:58.530,34.1398695923456,-77.8625523502436,0.66,15
2023-06-22 13:06:01.951,34.139960124189166,-77.86239056855241,0.45,15
2023-06-27 13:11:26.678,34.139814781988164,-77.86249458797074,0.29,14
2023-07-03 15:54:21.520,34.14028152862999,-77.86354005149465,0.35,17
2023-07-03 19:09:08.509,34.14028152862999,-77.86354005149465,0.15,16
2023-07-05 16:06:34.401,34.14028152862999,-77.86354005149465,0.49,14
2023-07-24 17:35:22.352,34.14989900778434,-77.84614929005303,0.1,12
2023-07-24 17:36:32.236,34.14989900778434,-77.84614929005303,0.05,12
2023-07-25 11:34:41.539,27.07329183815511,-82.45069829509087,0.53,14
2023-07-27 11:25:20.852,27.072574929549372,-82.45253611854204,4.0,12
2023-08-09 18:59:28.647,43.07199697945574,-70.7115158066812,0.1,14
2023-08-12 11:56:07.828,27.083070331999867,-82.44481572605534,2.08,8
2023-08-15 19:42:24.491,28.992907376425165,-80.90391365071288,0.49,18
2023-08-16 16:23:43.927,28.946331639650204,-80.83871471990354,0.61,15
2023-08-23 19:00:25.234,29.027243756566072,-80.91934816478931,1.2,18
2023-08-25 15:58:17.961,27.85581149163456,-82.48157534755997,1.42,17
2023-08-25 17:09:47.844,27.333404435166017,-82.57958589929035,3.05,12
2023-08-25 17:24:49.608,27.300768694865795,-82.58829382255914,4.64,16
2023-08-31 17:00:47.249,28.9463624726644,-80.83877120367237,0.7,13
2023-09-02 16:00:48.710,29.026957144733156,-80.91954055145698,1.2,14
2023-09-03 11:37:13.448,27.076513940631486,-82.44965056422929,0.96,8
2023-09-03 15:15:46.832,27.308965626376562,-82.57425257697749,2.07,18
2023-09-03 15:26:34.075,27.308965626376562,-82.57425257697749,1.99,17
2023-09-03 17:21:18.828,27.31597099454637,-82.54684715539454,1.04,17
2023-09-07 14:15:51.251,29.027312733312623,-80.91979096168399,0.8,14
2023-09-11 19:57:01.991,27.889301846920034,-82.4806544755277,1.52,19
2023-09-15 20:48:47.871,29.026900797992084,-80.91901450694628,0.8,15
2023-09-17 16:35:58.875,27.310049305695397,-82.59161649279538,5.13,13
2023-09-25 12:57:23.328,38.97780897565091,-76.48661926395863,1.72,18
2023-09-25 12:58:30.028,38.977821758053246,-76.48674993782907,1.72,18
2023-09-25 13:00:22.644,38.97763182412738,-76.48701706908315,1.74,18
2023-09-25 13:01:22.663,38.97762733980934,-76.48699820980102,1.81,17
2023-09-26 11:56:16.237,27.072573851436978,-82.45250926021332,1.5,7
2023-09-29 17:02:06.052,34.14012582009055,-77.86244522538186,0.8,16
2023-09-29 17:29:19.770,34.14007257147351,-77.86224568939596,0.8,16
2023-09-29 17:32:58.479,34.14007257147351,-77.86224568939596,0.82,15
2023-09-29 18:16:07.120,34.07972669798813,-77.88571103461487,1.39,19
2023-09-29 19:19:57.440,34.14010639187607,-77.86237708908051,0.45,18
2023-09-29 19:41:02.097,34.141412708008794,-77.86789756275515,0.48,18
2023-10-01 18:00:25.994,28.94654617442895,-80.83828166037789,0.6,14
2023-10-05 14:30:34.222,34.139960836650936,-77.8625152912716,1.88,17
2023-10-05 14:33:16.404,34.140006098204196,-77.86250637529147,0.9,17
2023-10-05 14:34:51.363,34.139952243448576,-77.86249487867104,0.98,17
2023-10-05 14:36:11.830,34.13998505776359,-77.86250621808445,0.97,17
2023-10-05 14:38:03.596,34.139979429333174,-77.8625089031426,0.97,17
2023-10-05 14:42:14.471,34.14023079315781,-77.8622929079053,0.98,18
2023-10-05 14:43:39.994,34.14023147481255,-77.86228916028284,0.79,18
2023-10-05 14:45:18.942,34.140247168939595,-77.86228096742921,0.92,17
2023-10-13 19:46:24.933,29.03168920872117,-80.914752081369,0.8,13
2023-10-14 17:57:23.807,43.04475318805873,-70.73216110290743,0.3,17
2023-10-19 13:54:38.264,30.02362231261099,-81.3278192841274,0.3,18
2023-10-19 19:36:11.518,28.946548511885783,-80.83824021464082,0.8,11
2023-10-20 18:51:19.281,29.027162153690345,-80.9201022282235,0.8,16
2023-10-21 12:08:04.726,27.072615931979957,-82.45252373835922,1.47,13
2023-10-21 20:16:36.078,27.889311527859316,-82.47898299254707,1.65,13
2023-10-26 18:28:27.627,29.03032627472489,-80.91737689925327,0.8,16
2023-10-27 12:19:30.187,27.072527553277098,-82.45260881563524,2.3,8
2023-10-27 14:05:21.629,34.1399098,-77.8624579,0.12,8
2023-11-01 15:09:51.578,34.0890501,-77.88151,0.1,12
2023-11-03 11:50:35.045,27.072592396524012,-82.45256497768608,1.62,8
2023-11-03 17:50:28.755,34.07806713007088,-77.88092836687734,1.35,13
2023-11-03 18:42:14.534,34.0464197,-77.9438398,0.96,20
2023-11-03 19:00:32.531,34.08684848439646,-77.93235470469656,1.08,20
2023-11-04 19:42:54.206,29.030269679865818,-80.91729377204621,0.7,13
2023-11-04 21:13:59.788,28.946535471983466,-80.83836473477014,0.7,14
2023-11-05 12:52:31.917,27.073219715308234,-82.45060271809093,1.67,7
2023-11-06 19:31:09.251,34.0570719,-77.8914722,1.1,10
2023-11-06 19:46:56.466,34.0891228,-77.8814146,1.02,9
2023-11-09 19:06:41.786,34.22778461187032,-77.95049103776195,0.76,19
2023-11-12 20:08:00.469,29.028407093136998,-80.91946562208823,1.0,14
2023-11-12 22:26:44.445,28.94655036494758,-80.83826651227626,0.7,15
2023-11-17 15:12:58.033,34.0890316,-77.8814671,0.13,7
2023-11-18 12:11:02.761,27.073208445153924,-82.45061304428184,1.8,6
2023-11-18 13:53:10.329,34.1562348,-77.8565953,0.43,10
2023-11-18 14:20:50.062,34.0570664,-77.8914198,0.57,9
2023-11-18 15:07:24.669,34.0890215,-77.8816411,0.56,9
2023-11-18 18:23:27.125,29.02755091434336,-80.92049473151766,0.9,15
2023-11-19 15:27:32.084,34.0891036,-77.8815878,0.97,13
2023-11-19 17:38:15.155,34.0570563,-77.8913832,1.01,12
2023-11-20 17:23:39.487,34.1562163,-77.8565906,1.76,8
2023-11-20 20:21:19.463,27.889329758498715,-82.47874687433473,2.0,13
2023-11-20 20:31:01.922,27.88937300911908,-82.47909480713538,1.45,16
2023-11-21 12:33:07.030,27.072653278616418,-82.45238152101523,1.82,12
2023-11-30 18:30:38.942,28.9465609170128,-80.83831542372796,1.5,15
2023-12-01 14:38:31.041,34.0891034,-77.8815131,1.68,7
2023-12-01 17:16:25.986,29.03076474533623,-80.9189961142364,1.1,15
2023-12-04 17:31:06.441,34.2075347,-77.7963766,1.58,8
2023-12-09 18:09:23.389,29.027198370492826,-80.91954205569793,0.8,15
2023-12-21 12:21:10.973,27.072578092253647,-82.45254778832384,0.95,6
2023-12-21 18:42:31.175,28.946526671516914,-80.83833555782509,0.9,13
2024-01-01 20:19:22.914,28.934365265048104,-80.82955735321404,1.0,13
2024-01-05 12:49:48.519,27.072703339074526,-82.45213512194069,1.51,8
2024-01-08 20:59:17.740,34.0864499,-77.8838137,0.69,18
2024-01-08 21:01:42.717,34.0889887,-77.8815404,0.69,15
2024-01-09 10:55:29.321,27.059027792741478,-82.38932288559779,0.33,7
2024-01-12 12:41:48.085,27.072787280059995,-82.4519489205582,0.63,9
2024-01-12 13:36:36.089,34.0864233,-77.8838409,0.5,16
2024-01-15 16:40:15.772,34.270729255757296,-77.77254107635713,0.9,14
2024-01-16 18:27:34.229,29.02734264917289,-80.9195214892583,1.0,15
2024-01-18 19:07:47.005,34.1561347,-77.8565892,0.5,17
2024-01-18 19:11:58.087,34.1561483,-77.8565857,1.43,18
2024-01-19 12:53:05.488,27.07288024197201,-82.4507927681463,1.07,6
2024-01-23 13:09:22.441,27.07269270365661,-82.45218620640368,1.02,13
2024-01-24 20:38:34.125,29.027388077267656,-80.91982831466281,0.7,11
2024-01-24 22:15:50.806,28.94653193170501,-80.83831629630878,0.8,9
2024-01-26 13:38:48.631,34.27071626301321,-77.77250890627296,1.45,14
2024-01-26 17:47:59.435,34.22777327365207,-77.95050629283752,0.24,20
2024-01-27 14:22:08.396,34.27073298491004,-77.77252022184224,1.03,16
2024-02-09 20:29:49.669,29.027190484160933,-80.91933378924683,0.5,13
2024-02-10 16:51:04.130,28.946540456139246,-80.83824821138234,0.7,13
2024-02-11 12:47:51.250,27.072635353305696,-82.45258615757331,0.67,13
2024-02-15 12:42:01.549,27.072606817631,-82.45269895805848,0.47,13
2024-02-15 18:27:06.216,34.44949229042229,-77.51384630483936,1.58,18
2024-02-22 22:06:14.293,28.946540745501302,-80.83834425237062,0.87,11
2024-02-27 12:58:15.124,27.07261205777729,-82.45259730219081,1.3,13
2024-03-03 12:39:35.792,27.072634520496166,-82.45245469465885,2.13,8
2024-03-07 12:21:17.148,27.07259918543951,-82.45255282084875,1.27,14
2024-03-07 19:28:59.823,34.22777705793109,-77.95049365396295,0.35,20
2024-03-07 20:56:25.854,28.94654116541745,-80.83840902600892,0.9,15
2024-03-11 14:13:54.029,34.1560131,-77.8574281,1.23,13
2024-03-14 15:35:49.153,34.44953249524434,-77.51373542453864,1.32,13
2024-03-17 18:16:55.413,34.270727327125485,-77.77251888073774,1.56,14
2024-03-20 17:07:02.951,34.449558619837354,-77.51378933338137,1.47,15
2024-03-25 12:45:47.165,34.1561332,-77.8565719,1.17,14
2024-03-29 19:52:26.136,34.449470828586456,-77.51395789369576,1.8,19
2024-04-02 11:51:49.418,27.072630007504866,-82.45245690410725,1.88,9
2024-04-07 11:43:09.877,27.073292887759024,-82.4506337576033,1.51,8
2024-04-13 18:27:46.574,29.03030614405288,-80.91928348606791,0.9,13
2024-04-13 21:44:15.598,39.1507236,-76.5057373,0.82,14
2024-04-15 18:14:36.985,34.27073512715681,-77.77250115001914,0.79,8
2024-04-16 15:17:09.480,34.34711056779913,-77.6594830474896,1.13,11
2024-04-17 12:43:04.916,32.79335293921902,-79.87793762244273,0.6,13
2024-04-17 13:04:11.770,32.790390104085944,-79.88472956240166,0.69,17
2024-04-17 13:19:31.255,32.768389787555456,-79.86336585141706,1.36,13
2024-04-17 13:33:59.432,32.76290370620113,-79.85598323874162,0.46,17
2024-04-23 14:00:47.812,34.44944248175239,-77.5139758851581,1.47,15
2024-04-24 12:38:10.078,32.79291400757651,-79.87693440176677,0.64,18
2024-04-24 12:57:30.926,32.89154839581398,-79.97105356621607,0.7,19
2024-04-24 13:07:24.984,32.786781527132526,-79.91017249420277,1.23,16
2024-04-24 13:16:55.369,32.82852156726187,-79.9900261496393,0.37,20
2024-04-24 13:29:28.029,32.82437121202066,-79.88945781070562,1.41,13
2024-04-24 13:42:57.328,32.74458526944778,-79.97136104471952,1.01,18
2024-04-24 14:06:23.736,32.668402944721905,-79.9974313751608,0.66,13
2024-04-24 14:23:38.198,32.660330878601094,-79.9435115140676,0.57,6
2024-04-24 14:51:35.877,32.7168340494955,-79.93058425968471,0.53,18
2024-04-24 15:18:05.962,32.788317762345805,-79.96332591406997,0.68,17
2024-04-24 15:21:48.411,32.76316695998748,-79.85596917358764,0.54,15
2024-04-27 16:44:50.644,34.24865979863079,-77.79064349149408,1.22,15
2024-04-28 20:23:27.441,28.934324098707727,-80.8295318260705,0.9,13
2024-04-30 11:54:42.896,27.07484382834147,-82.44865838448216,1.99,12
2024-05-01 12:04:52.596,32.79335679489448,-79.87638956874598,0.61,15
2024-05-01 12:16:21.671,32.79045067844442,-79.88491773144025,1.05,15
2024-05-01 12:27:51.005,32.789871392009736,-79.91075936025459,1.05,15
2024-05-01 12:37:00.658,32.835351973802624,-79.98679800897833,0.46,17
2024-05-01 12:40:01.267,32.824201028081355,-79.88982359994688,0.86,17
2024-05-01 12:51:22.685,32.825209234698804,-79.87742620064088,0.65,16
2024-05-01 13:04:09.587,32.767168628082395,-79.97272856540975,0.51,17
2024-05-01 13:20:38.578,32.74455416950653,-79.9712061603367,0.66,18
2024-05-01 13:31:08.264,32.771673398122985,-79.92468735210592,1.1,18
2024-05-01 13:31:49.059,32.77167807474977,-79.92476782213997,0.94,18
2024-05-01 13:41:59.874,32.776607131020796,-79.95336990205487,0.92,18
2024-05-01 13:44:54.776,32.66841643958601,-79.99762977480889,0.69,16
2024-05-01 13:55:12.509,32.750902413683576,-79.95039063201854,0.76,18
2024-05-01 14:02:53.151,32.66031818001779,-79.94350187487895,0.37,13
2024-05-01 14:27:07.061,32.76290416720588,-79.85601511233162,0.86,15
2024-05-01 14:30:06.640,32.71874776122126,-79.93163849337996,0.41,13
2024-05-03 18:49:00.357,33.91691540359878,-78.02346726973232,0.99,18
2024-05-07 20:43:30.642,38.15654113426647,-76.4274564386126,0.24,14
2024-05-08 11:50:41.108,32.79298795323058,-79.8768906066087,0.67,13
2024-05-08 12:02:00.923,32.79043603751786,-79.8847784159782,0.85,14
2024-05-08 12:18:17.735,32.7901907015282,-79.91078170637648,2.54,13
2024-05-08 12:31:37.306,32.82524097725306,-79.8780126602225,0.77,15
2024-05-08 12:39:58.626,32.825210070188355,-79.87700613404489,0.64,15
2024-05-08 12:58:22.079,32.85532285916419,-79.90141062397838,0.98,14
2024-05-08 13:17:40.510,32.77201413542188,-79.92407020053145,0.77,15
2024-05-08 13:27:08.303,32.77631098484253,-79.95325361805166,0.96,18
2024-05-08 13:42:00.992,32.78821234082465,-79.96374547194476,0.62,18
2024-05-08 14:03:17.017,32.75091465362333,-79.9501862243266,0.67,17
2024-05-08 14:17:12.957,32.75514723657426,-79.91565867171748,0.6,14
2024-05-08 14:36:35.939,32.7630213736535,-79.85631524141318,0.73,16
2024-05-15 11:49:23.590,32.792884947406954,-79.87680910995009,0.67,16
2024-05-15 12:31:22.014,32.7902715839751,-79.88474649384607,0.78,18
2024-05-15 12:32:32.958,32.82545421212614,-79.99195629928094,0.32,18
2024-05-15 13:05:35.835,32.76721774603498,-79.97279008857903,0.2,18
2024-05-15 13:18:55.562,32.74450920059601,-79.97115612037477,0.57,16
2024-05-15 14:04:58.252,32.66031830574634,-79.94347061038012,0.52,13
2024-05-15 19:18:01.291,38.15652223307482,-76.42748611054982,0.39,15
2024-05-15 20:42:54.594,29.026836606375547,-80.91895404531955,1.1,15
2024-05-22 12:23:27.297,32.793318699144564,-79.87653432421375,0.84,13
2024-05-22 12:35:25.125,32.790208145888876,-79.88491269656755,0.91,13
2024-05-22 12:53:13.918,32.83528843130428,-79.98674658793246,0.54,18
2024-05-22 13:01:17.749,32.82425031061821,-79.88997012607963,0.9,11
2024-05-22 13:11:17.255,32.825216666290856,-79.87758202485831,0.82,13
2024-05-22 13:19:28.734,30.023577643982556,-81.32765071235016,0.52,17
2024-05-22 13:28:58.380,32.85520535902566,-79.9015579423853,0.79,13
2024-05-22 13:47:23.150,32.77186412832965,-79.92470034405582,1.0,12
2024-05-22 14:15:15.938,32.78826527449539,-79.96355919301071,0.5,16
2024-05-22 14:36:46.406,32.75099396625322,-79.95026708744753,0.5,17
2024-05-22 14:47:49.304,32.75503399519324,-79.91596223159202,0.49,18
2024-05-22 15:06:46.434,32.763007789656385,-79.8561842899561,0.49,11
2024-05-26 23:55:46.611,38.8792394,-77.0458122,0.63,18
2024-05-29 11:59:22.369,32.79311904167936,-79.87658229726549,0.71,17
2024-05-29 12:11:17.597,32.79020506516366,-79.88481172569902,0.82,16
2024-05-29 12:23:04.877,32.7901219495083,-79.91088150933741,1.01,15
2024-05-29 12:36:52.928,32.83534417863268,-79.98675911694764,0.47,16
2024-05-29 12:37:17.112,32.824234130770805,-79.88962478398804,0.69,16
2024-05-29 12:43:25.068,32.8251865358325,-79.87744931170553,0.72,17
2024-05-29 13:01:27.915,32.8554657715074,-79.90153668829689,0.88,16
2024-05-29 13:19:26.087,32.77129336083804,-79.92489306146987,1.29,15
2024-05-29 13:29:31.470,32.77629545125761,-79.95416148262737,0.6,17
2024-05-29 13:43:55.271,32.78813576085084,-79.96348600121715,0.52,16
2024-05-29 14:09:38.896,32.75091708522183,-79.95016871367035,0.64,16
2024-05-29 14:36:47.172,32.76286007839512,-79.85607870861874,1.27,15
2024-05-29 14:38:31.292,32.76288367634227,-79.85611468642936,0.87,15
2024-06-01 18:13:39.497,28.946547752773032,-80.83836221385289,0.8,14
2024-06-02 15:48:43.053,39.1514988,-76.5045973,0.45,11
2024-06-04 00:17:22.141,39.1507986,-76.5058296,1.0,16
2024-06-05 12:31:35.967,32.82429322268659,-79.88974995807925,1.27,16
2024-06-05 12:43:43.928,32.82520731660922,-79.87756267561551,1.06,18
2024-06-05 13:01:14.554,32.85530427433938,-79.90156287830203,1.0,18
2024-06-05 13:19:47.171,32.771754139260665,-79.9252371278528,0.66,15
2024-06-05 14:11:54.186,32.7511315856613,-79.95012620540163,0.36,19
2024-06-05 14:41:16.771,32.76184099163884,-79.85582629556164,0.61,14
2024-06-09 13:50:13.895,34.0889791,-77.881583,1.3,13
2024-06-10 17:16:32.189,29.030477970759772,-80.91764063823418,0.9,13
2024-06-12 12:52:51.765,32.829007457974264,-79.99008876763875,0.42,18
2024-06-12 14:18:48.849,32.659960533809816,-79.94512719576669,0.61,8
2024-06-12 23:51:57.443,28.97624664011316,-80.91406591244127,0.7,15
2024-06-14 12:05:48.384,27.07278835201125,-82.45258000996523,0.81,12
2024-06-15 21:36:54.776,39.1844639,-76.3973322,1.3,16
2024-06-16 12:06:03.389,27.072607107359048,-82.45252142051076,1.21,12
2024-06-19 12:28:10.123,32.835272303812985,-79.98676221825181,0.49,19
2024-06-22 23:39:24.744,38.9031699,-77.0811123,1.23,14
2024-06-25 20:11:53.392,38.156490759028266,-76.42744386575784,1.87,13
2024-06-26 11:58:57.243,32.793068368136296,-79.87661943563342,0.65,15
2024-06-26 12:13:04.240,32.79030124109118,-79.88491670310874,0.68,18
2024-06-26 12:36:17.290,32.82514700669127,-79.8774554953723,0.78,18
2024-06-26 12:44:51.926,32.825217510527764,-79.87743708225308,0.7,17
2024-06-26 13:27:43.775,32.77663818289112,-79.95394245601649,0.42,17
2024-06-26 13:39:34.189,32.78828985269073,-79.96354287604038,0.25,16
2024-06-26 14:05:45.258,32.750902203873565,-79.95020572103554,0.5,16
2024-06-26 14:21:33.264,32.75537212239823,-79.91575486940643,0.86,18
2024-06-30 00:19:42.503,36.5065144,-77.8424767,1.58,14
2024-06-30 22:00:06.806,29.027254445963685,-80.91929857286097,0.6,13
2024-07-01 17:52:20.526,28.94654817841778,-80.83838320125,0.9,11
2024-07-10 12:04:42.213,32.79340947515591,-79.87621447078872,0.72,18
2024-07-10 12:19:31.428,32.7902828390678,-79.88491784570498,0.74,18
2024-07-10 12:27:51.048,32.83528843897659,-79.98657865457236,0.25,18
2024-07-10 12:45:09.217,32.82431627626801,-79.88966415643682,0.86,18
2024-07-10 12:53:15.447,32.82520001488593,-79.87735366399427,0.59,18
2024-07-10 13:10:07.655,32.74450454863975,-79.97115293525157,0.38,16
2024-07-10 13:14:24.809,32.85550959432613,-79.90145045744322,0.74,17
2024-07-10 13:37:30.632,32.66839506573292,-79.99762265019119,0.4,13
2024-07-10 13:44:03.769,32.7713016188078,-79.92437596440308,0.84,16
2024-07-10 13:54:29.519,32.66036746560844,-79.94339299395675,0.48,13
2024-07-10 14:05:34.749,32.78830662608187,-79.96336489625332,0.49,18
2024-07-10 14:30:50.620,32.75097142941552,-79.95019788192437,0.59,18
2024-07-10 14:42:14.588,32.75503397716791,-79.9159678406173,0.96,16
2024-07-10 15:02:06.042,32.7628885129374,-79.85587846816529,0.84,18
2024-07-17 11:49:08.044,32.79313673196052,-79.87657405576664,0.48,13
2024-07-17 12:02:09.329,32.79027110279104,-79.8849907904153,0.56,13
2024-07-17 12:19:07.104,32.78953954792274,-79.91052029610984,1.13,14
2024-07-17 12:29:45.427,32.82422158274682,-79.88957424346847,0.71,15
2024-07-17 12:37:35.611,32.82518479633614,-79.87745300764293,0.69,16
2024-07-17 12:52:41.057,32.85518440846597,-79.90145804314544,0.89,13
2024-07-17 13:11:26.865,32.77216014839971,-79.92481283134806,0.66,1
2024-07-17 13:20:53.185,32.74450404572556,-79.97114195495841,0.3,18
2024-07-17 13:24:43.171,32.77609533595287,-79.95287261632821,0.62,16
2024-07-17 13:39:17.311,32.787983610580795,-79.96343723988994,0.27,18
2024-07-17 13:59:51.900,32.75092483539348,-79.95007658870396,0.43,19
2024-07-17 14:10:39.775,32.755127898302106,-79.915856280869,0.46,13
2024-07-17 14:28:14.972,32.76292424527736,-79.8560923421936,0.19,14
2024-07-19 12:59:53.751,30.022668787306195,-81.32773387253408,0.24,21
2024-07-23 14:53:46.985,39.78853460405002,-74.09740864306139,1.82,8
2024-07-24 12:38:08.939,32.79334736525341,-79.87718031459397,0.68,18
2024-07-27 21:34:43.863,39.1758536,-76.4249675,0.92,18
2024-07-28 15:35:43.342,34.1859412,-77.8152642,1.81,15
2024-07-31 11:59:11.373,32.7933833655276,-79.87654681324948,0.53,18
2024-07-31 12:09:29.041,32.790341811292215,-79.88492665517587,0.72,18
2024-07-31 12:21:47.397,32.78943366099339,-79.91099684921828,1.18,17
2024-07-31 12:34:01.928,32.8242686420514,-79.88972284678707,1.04,18
2024-07-31 12:41:56.460,32.82514941939513,-79.87743376220648,0.72,17
2024-07-31 12:58:52.694,32.855197070143085,-79.90147826227765,0.86,18
2024-07-31 13:18:46.272,32.77179267095331,-79.92456913069937,0.67,16
2024-07-31 13:31:12.984,32.77609524108282,-79.95261632645182,0.61,18
2024-07-31 13:46:57.895,32.78826238031658,-79.96348566077691,0.33,19
2024-07-31 14:06:22.616,32.751036263654065,-79.95017911430452,0.57,17
2024-07-31 14:17:01.397,32.755076987325886,-79.91566681211403,0.26,18
2024-07-31 14:34:07.695,32.762883530188724,-79.8561500194716,0.2,17
2024-08-10 13:54:24.769,39.1344583,-76.4401447,0.88,14
2024-08-10 14:45:31.423,39.1885587,-76.3954744,0.73,16
2024-08-14 12:09:49.327,32.79338093477561,-79.87643146155919,0.57,18
2024-08-14 12:22:04.065,32.79019846487781,-79.8849255463644,0.83,18
2024-08-14 12:37:39.374,32.83531019001532,-79.98681058183311,0.24,21
2024-08-14 12:49:15.576,32.78930405400814,-79.91153953388628,1.27,19
2024-08-14 13:06:50.701,32.82424581066447,-79.89009563730697,0.87,19
2024-08-14 13:18:26.243,32.82526889965571,-79.8776013720261,0.57,19
2024-08-14 13:37:04.325,32.855195246642964,-79.9012833786331,0.82,20
2024-08-14 14:05:28.623,32.66036721415134,-79.94337061427528,0.3,16
2024-08-14 14:06:15.460,32.775884321943465,-79.9533103202936,0.53,20
2024-08-14 14:19:21.553,32.7880720472831,-79.9636310877832,0.5,21
2024-08-14 14:31:00.795,32.71682211172013,-79.93058285283392,0.34,16
2024-08-14 14:38:35.444,32.751070434071906,-79.95049272004285,0.37,19
2024-08-14 15:06:52.613,32.76305506292553,-79.85613471569457,0.31,19
2024-08-14 15:17:51.388,32.80481226324037,-79.86153988113203,0.25,19
2024-08-18 11:45:57.865,27.072602107833145,-82.45257633165987,1.28,16
2024-08-21 12:05:36.017,32.79335574715658,-79.87637146383513,0.28,19
2024-08-21 12:14:27.663,32.89150988686168,-79.97109593831,0.57,20
2024-08-21 12:16:19.715,32.790300438798496,-79.8848486290246,0.65,18
2024-08-21 12:27:10.359,32.78986464501783,-79.91147744745466,0.86,19
2024-08-21 12:38:46.006,32.82423390999287,-79.88981046379617,0.53,19
2024-08-21 12:39:18.895,32.83528500239629,-79.98681016273795,0.3,20
2024-08-21 12:47:19.053,32.8252248745718,-79.87734034812634,0.39,18
2024-08-21 13:04:09.147,32.85546330272493,-79.90116060718884,0.56,18
2024-08-21 13:23:33.005,32.77146346938512,-79.92507958582274,0.57,18
2024-08-21 13:31:20.753,32.7445099549673,-79.97117749422786,0.16,19
2024-08-21 13:47:23.723,32.788218101517096,-79.96346941225227,0.43,18
2024-08-21 13:48:08.301,32.78821298855623,-79.96347854852672,0.32,18
2024-08-21 13:55:42.200,32.66838278624478,-79.99764109037817,0.46,17
2024-08-21 14:10:09.389,32.751130978169336,-79.95041198436105,0.42,18
2024-08-21 14:45:41.520,32.76306321311725,-79.85642860697277,0.54,18
2024-08-21 15:19:10.015,32.805177862041845,-79.86209229449487,0.88,19
2024-08-23 17:19:49.597,29.030250134914702,-80.91907646849317,1.0,14
2024-08-23 19:41:41.080,28.946539883450644,-80.83834747028368,0.4,15
2024-08-24 22:46:25.862,38.6692978,-77.1318485,0.86,16
2024-08-25 13:58:53.737,34.44945913277049,-77.5139136147476,0.92,18
2024-08-25 17:20:59.224,34.54519358466803,-77.31800557121385,0.91,13
2024-08-27 12:24:03.240,27.07309512181182,-82.45056221058469,2.1,11
2024-08-28 12:09:03.302,32.79022007718011,-79.88476711332787,0.66,18
2024-08-28 12:10:40.409,32.79030446836336,-79.88484972056152,0.62,16
2024-08-28 12:26:09.569,32.78964868967388,-79.91076671049892,1.1,19
2024-08-28 12:38:06.762,32.82431594481151,-79.88952608751677,0.84,18
2024-08-28 13:11:47.604,32.85517413757199,-79.90148253684805,0.76,20
2024-08-28 13:25:46.058,32.74454158927185,-79.97110624415133,0.4,19
2024-08-28 13:42:54.658,32.77769674889761,-79.95215521864874,0.53,21
2024-08-28 13:59:25.686,32.78821968672623,-79.96343605826577,0.59,21
2024-08-28 14:23:06.781,32.750988212693954,-79.95001836734133,0.59,18
2024-08-28 14:27:47.615,32.71682290111642,-79.93054088134659,0.18,16
2024-08-28 14:36:23.380,32.75513650267699,-79.91593814668418,0.55,20
2024-08-28 14:52:22.142,32.762914393127744,-79.85594367615865,0.5,16
2024-09-04 12:10:50.039,32.79032158202752,-79.88459444612253,0.49,18
2024-09-04 12:11:52.227,32.79027620225439,-79.88470901317476,0.8,17
2024-09-04 12:21:49.777,32.89166838865073,-79.97103097856042,0.78,20
2024-09-04 12:30:09.711,32.76284408511241,-79.85604044297122,0.98,17
2024-09-04 13:02:13.794,32.82417064593498,-79.88971562255752,0.87,17
2024-09-04 13:09:05.888,32.82515082594401,-79.87733390123803,0.8,17
2024-09-04 13:19:25.714,32.74454418101689,-79.9711563002603,0.33,18
2024-09-04 13:46:15.951,32.77147994379771,-79.92510946474962,0.89,17
2024-09-04 14:07:11.288,32.75102390910755,-79.95006071411068,0.45,17
2024-09-04 14:32:59.275,32.78810305564305,-79.9634715733922,1.16,18
2024-09-04 14:55:01.283,32.80478832780645,-79.8615400214492,0.79,16
2024-09-06 16:31:01.308,29.03025103269986,-80.91884718188217,1.1,13
2024-09-06 18:48:43.153,28.94654813100352,-80.8384404052212,0.35,14
2024-09-07 11:52:13.007,27.073223961713104,-82.45043687635302,1.62,19
2024-09-07 22:18:20.771,39.5155048,-79.3132716,1.75,13
2024-09-12 20:52:05.727,34.270756747605624,-77.77247110388966,1.09,14
2024-09-14 09:13:16.274,37.421998,-122.0840002,0.45,4
2024-09-14 23:45:31.405,38.8782549,-77.0278865,0.67,14
2024-09-16 11:40:47.885,27.072577004347682,-82.45254695243503,2.05,12
2024-09-16 21:36:03.791,29.1522862,-95.0293845,0.49700000000000005,14
2024-09-18 12:24:37.150,32.79288150045301,-79.87646984945023,0.55,16
2024-09-18 12:31:05.840,32.89141948803597,-79.97121898464856,0.88,14
2024-09-18 12:36:26.591,32.79022463992408,-79.88492795284094,0.72,18
2024-09-18 12:47:01.534,32.789799467847935,-79.91129063079924,0.67,16
2024-09-18 12:54:51.108,32.835299922183935,-79.98679985299705,0.32,19
2024-09-18 12:59:21.212,32.82420677722315,-79.88961597170031,0.89,18
2024-09-18 13:07:56.728,32.82512958704275,-79.87730042999199,0.87,18
2024-09-18 13:28:37.003,32.76737788229507,-79.97263519100842,0.41,16
2024-09-18 13:43:49.861,32.744474080421725,-79.97116098187861,0.44,16
2024-09-18 13:44:14.756,32.771435638594184,-79.92451794703095,0.73,16
2024-09-18 13:55:04.180,32.77638675182392,-79.95342009708281,0.94,18
2024-09-18 14:03:42.687,32.66838781538668,-79.99764771208167,0.47,13
2024-09-18 14:12:11.942,32.78803463727573,-79.9634234170955,0.51,18
2024-09-18 14:18:38.727,32.66035954470994,-79.9435493164509,0.16,17
2024-09-18 14:36:17.705,32.75111921174203,-79.95034006829526,0.41,18
2024-09-18 14:41:37.916,32.71680902227081,-79.93058091968291,0.32,14
2024-09-18 14:46:48.419,32.75486617561949,-79.91524253270416,0.66,16
2024-09-18 15:05:59.263,32.762993653305855,-79.85623655574446,0.74,16
2024-09-21 21:48:05.872,39.1820352,-76.4870634,0.76,8
2024-10-23 12:05:38.823,32.79334564696326,-79.87618932507921,0.84,17
2024-10-23 12:16:10.622,32.79018052922772,-79.88485197497666,1.03,17
2024-10-23 12:58:23.398,32.82419201430798,-79.88969175143652,1.31,17
2024-10-23 13:06:24.613,32.85530601631184,-79.90155405372371,0.95,17
2024-10-23 13:24:45.484,32.855363550810466,-79.90153953725626,1.56,17
2024-10-23 13:43:06.028,32.77113707343362,-79.92510165656603,1.88,16
2024-10-23 13:53:13.160,32.77642407509453,-79.9538030149072,1.53,16
2024-10-23 14:04:25.252,32.788299073784806,-79.96349779296357,0.81,17
2024-10-23 14:28:47.360,32.750948452032745,-79.95009229881362,0.91,17
2024-10-23 14:40:30.672,32.75494733429227,-79.9160722339157,1.41,15
2024-10-23 14:56:52.998,32.7628635959076,-79.8558640167857,1.53,16
2024-11-05 21:23:38.346,34.72194372852741,-76.75817000606614,1.18,8
2024-11-05 21:30:21.030,34.72184544233036,-76.75819766987031,1.27,8
2024-11-07 17:11:43.262,34.72181377935663,-76.75837280235882,1.55,13
2024-11-09 07:56:43.874,37.4219983,-122.084,0.01,9
2024-11-09 08:25:28.504,37.4219983,-122.084,0.01,18
2024-11-14 15:58:52.062,34.67954740397136,-77.06218477345729,1.31,17
2024-11-16 21:20:04.120,39.1506824,-76.505727,1.53,16
2024-11-19 15:44:16.850,34.429793888735055,-77.54920461222301,1.33,18
2024-11-20 19:54:40.099,34.42979363727806,-77.54914208322535,1.07,16
2024-12-08 17:23:08.409,32.86586125815068,-79.8254967342609,0.65,8
2024-12-13 16:00:38.279,34.72195488175682,-76.75825322234711,0.84,11
2024-12-21 21:48:01.842,39.1509457,-76.5053504,1.46,12
2024-12-28 12:35:02.786,27.072706649490012,-82.45212733842887,0.44,8
2024-12-30 13:01:19.234,27.07265820546568,-82.45228167031323,0.5,8
